{
  "plans": [
    {
      "title": "Starter",
      "subtitle": "For individuals and small businesses",
      "price": "₹0 setup + pay-as-you-go",
      "features": [
        "Real-time tracking",
        "Route history 30 days",
        "Basic alerts",
        "Email support"
      ]
    },
    {
      "title": "Business",
      "subtitle": "Best for growing fleets",
      "price": "₹— custom quote",
      "features": [
        "All Starter features",
        "WhatsApp/SMS alerts",
        "Fuel/AC sensors support",
        "Priority support"
      ]
    },
    {
      "title": "Enterprise",
      "subtitle": "Custom deployments & AIS-140",
      "price": "₹— talk to sales",
      "features": [
        "AIS-140 compliance",
        "Private cloud options",
        "Dedicated manager",
        "Custom SLAs"
      ]
    }
  ]
}