{
  "products": [
    {
      "name": "BT-101 Compact GPS",
      "desc": "Entry-level plug-and-play device ideal for cars and bikes.",
      "sensors": [
        "Ignition",
        "Speed",
        "Geo-fence"
      ]
    },
    {
      "name": "BT-220 Fleet Pro",
      "desc": "Advanced GPS for commercial fleets with CAN/FMS support.",
      "sensors": [
        "Fuel (optional)",
        "AC",
        "Door",
        "Overspeed"
      ]
    },
    {
      "name": "BT-340 AIS-140",
      "desc": "Certified AIS-140 device with panic button kit and eSIM.",
      "sensors": [
        "Panic",
        "Overspeed",
        "Health",
        "Ignition"
      ]
    }
  ]
}